{
    "CUMG2_HMR": 532.377182417085,
    "CUMG2_SMR": 0.01,
    "FCC_A1_HM_MIX": 889.1574525045189,
    "FCC_A1_SM_MIX": 0.08876007682075686,
    "HCP_A3_HM_MIX": 91.73905359635964,
    "LAVES_C15_HMR": 4.5320477110089685,
    "LAVES_C15_SMR": 0.19243337232245228,
    "LAVES_C15_HM_MIX": 589.2317946968552,
    "LIQUID_HM_MIX": 185.1716875391886,
    "LIQUID_SM_MIX": 0.11503944512811601,
    "(LAVES_C15)": 989.4303593057307,
    "(LAVES_C15,FCC_A1)": 999.6798425655013,
    "(LAVES_C15,LIQUID)": 999.9742820464206,
    "(LAVES_C15,CUMG2)": 26.34401392913453,
    "(LIQUID,LAVES_C15)": 999.318145031856,
    "(HCP_A3,CUMG2)": 999.7524160291591,
    "(LIQUID,HCP_A3)": 999.9789642590918,
    "(LIQUID,CUMG2)": 910.5489810103878,
    "(LIQUID,FCC_A1)": 997.6753595285458,
    "(FCC_A1,LAVES_C15)": 724.0678926969433,
    "(FCC_A1,LIQUID)": 999.9058029589748,
    "(FCC_A1)": 996.4740766236848
}